{"cameraMode":{"drawMode":0,"name":"Shaded","section":"Shading Mode"},"sceneLighting":true,"audioPlay":false,"sceneViewState":{"m_AlwaysRefresh":false,"showFog":true,"showSkybox":true,"showFlares":true,"showImageEffects":true,"showParticleSystems":true,"showVisualEffectGraphs":true,"m_FxEnabled":true},"in2DMode":false,"pivot":{"x":263.26141357421877,"y":221.9568634033203,"z":-272.34930419921877},"rotation":{"x":0.30688250064849856,"y":-0.3176335096359253,"z":0.10934749245643616,"w":0.8905888199806213},"size":9.388526916503907,"orthographic":false}